building_ID,CVRMSE,NRMSE,MAE,Avg_Test_Loss
umar_UMAR,0.6493415205114282,64.93415176009836,3.9893363,0.18539519859026307
