building_ID,CVRMSE,NRMSE,MAE,Avg_Test_Loss
umar_UMAR,0.6473794458109169,64.73794429092666,4.022618,0.1858557598776888
