building_ID,CVRMSE,NRMSE,MAE,Avg_Test_Loss
umar_UMAR,0.5053582160924793,50.53582307028972,2.6448555,0.17268839714962367
